{"timestamps": [1512014521.383348], "initial_reset_timestamp": 1512014518.909645, "episode_types": ["t"], "episode_lengths": [1005], "episode_rewards": [-21.0]}