{"timestamps": [1512023846.375136], "initial_reset_timestamp": 1512023842.709429, "episode_types": ["t"], "episode_lengths": [1254], "episode_rewards": [-21.0]}