{"timestamps": [1511942778.615624], "initial_reset_timestamp": 1511942777.179417, "episode_types": ["t"], "episode_lengths": [1195], "episode_rewards": [-21.0]}